{
"name": "autofill",
"title": "jQuery autofill",
"description": "Light weight jQuery plugin for autofilling text input fields from another text input fields.",
"keywords": [
"jquery",
"autofill",
"textbox",
"textarea",
"clone",
"copy",
"overwrite",
"fill",
"jquery-plugin",
"plugin"
],
"version": "1.6.0",
"author": {
"name": "Harshen Pandey",
"email" : "harshenpandey@gmail.com",
"url" : "https://github.com/harshen/"
},
"bugs": "https://github.com/harshen/jquery-autofill/issues",
"homepage": "https://github.com/harshen/jquery-autofill",
"demo" : "http://harshen.github.io/jquery-autofill/",
"docs" : "https://raw.github.com/harshen/jquery-autofill/master/DOCS/Documentation",
"licenses": [
{
"type": "MIT",
"url": "https://github.com/harshen/jquery-autofill/blob/master/LICENSE-MIT"
},
{
"type": "GPLv3",
"url": "https://github.com/harshen/jquery-autofill/blob/master/LICENSE-GPL"
}
],
"dependencies": {
"jquery": ">=1.5"
}
}
